-- phpMyAdmin SQL Dump
-- version 4.7.9
-- https://www.phpmyadmin.net/
--
-- Host: 127.0.0.1:3306
-- Generation Time: Apr 22, 2020 at 02:00 AM
-- PHP Version: 7.3.4

SET SQL_MODE = "NO_AUTO_VALUE_ON_ZERO";
SET AUTOCOMMIT = 0;
START TRANSACTION;
SET time_zone = "+00:00";


/*!40101 SET @OLD_CHARACTER_SET_CLIENT=@@CHARACTER_SET_CLIENT */;
/*!40101 SET @OLD_CHARACTER_SET_RESULTS=@@CHARACTER_SET_RESULTS */;
/*!40101 SET @OLD_COLLATION_CONNECTION=@@COLLATION_CONNECTION */;
/*!40101 SET NAMES utf8mb4 */;

--
-- Database: `ppe3`
--

-- --------------------------------------------------------

--
-- Table structure for table `categories`
--

DROP TABLE IF EXISTS `categories`;
CREATE TABLE IF NOT EXISTS `categories` (
  `id` int(10) UNSIGNED NOT NULL AUTO_INCREMENT,
  `parent_id` int(11) DEFAULT NULL,
  `name` varchar(191) COLLATE utf8mb4_unicode_ci NOT NULL,
  `description` text COLLATE utf8mb4_unicode_ci,
  `url` varchar(191) COLLATE utf8mb4_unicode_ci NOT NULL,
  `status` tinyint(4) NOT NULL DEFAULT '0',
  `remember_token` varchar(100) COLLATE utf8mb4_unicode_ci DEFAULT NULL,
  `created_at` timestamp NULL DEFAULT NULL,
  `updated_at` timestamp NULL DEFAULT NULL,
  PRIMARY KEY (`id`),
  UNIQUE KEY `slug` (`name`)
) ENGINE=MyISAM AUTO_INCREMENT=25 DEFAULT CHARSET=utf8mb4 COLLATE=utf8mb4_unicode_ci;

--
-- Dumping data for table `categories`
--

INSERT INTO `categories` (`id`, `parent_id`, `name`, `description`, `url`, `status`, `remember_token`, `created_at`, `updated_at`) VALUES
(12, 0, 'Car', 'Car Category', 'http://wornnarith.cambosoft.com', 1, NULL, '2018-10-22 21:32:33', '2018-11-16 02:00:00'),
(10, 0, 'House', 'House Category', 'http://wornnarith.cambosoft.com', 1, NULL, '2018-10-22 21:31:29', '2018-11-16 02:05:53'),
(11, 0, 'Shoes', 'Shoes Category', 'http://wornnarith.cambosoft.com', 1, NULL, '2018-10-22 21:32:14', '2018-11-16 02:07:15'),
(13, 0, 'Computer', 'Computer Category', 'http://wornnarith.cambosoft.com', 1, NULL, '2018-10-22 21:33:26', '2018-11-16 02:05:43'),
(14, 0, 'Cloths', 'Cloths Category', 'http://wornnarith.cambosoft.com', 1, NULL, '2018-10-22 21:34:31', '2018-11-16 02:05:18'),
(15, 12, 'Toyota', 'Toyota Sub Category of Car', 'http://wornnarith.cambosoft.com', 1, NULL, '2018-10-22 21:35:08', '2018-11-16 01:54:49'),
(16, 10, 'Link House', 'Link House Sub Category', 'http://wornnarith.cambosoft.com', 1, NULL, '2018-10-22 21:56:56', '2018-11-16 02:07:05'),
(17, 11, 'Man Shoes', 'Man Shoes Sub Category of Shoes', 'http://wornnarith.cambosoft.com', 1, NULL, '2018-10-22 21:58:13', '2018-11-16 01:53:44');

-- ------------------------------------------------------
-- --------------------------------------------------------

--
-- Table structure for table `coupons`
--

DROP TABLE IF EXISTS `coupons`;
CREATE TABLE IF NOT EXISTS `coupons` (
  `id` int(10) UNSIGNED NOT NULL AUTO_INCREMENT,
  `coupon_code` varchar(191) COLLATE utf8mb4_unicode_ci NOT NULL,
  `amount` int(11) NOT NULL,
  `amount_type` varchar(191) COLLATE utf8mb4_unicode_ci NOT NULL,
  `expiry_date` date NOT NULL,
  `status` tinyint(4) NOT NULL,
  `created_at` timestamp NULL DEFAULT NULL,
  `updated_at` timestamp NULL DEFAULT NULL,
  PRIMARY KEY (`id`)
) ENGINE=MyISAM AUTO_INCREMENT=7 DEFAULT CHARSET=utf8mb4 COLLATE=utf8mb4_unicode_ci;

--
-- Dumping data for table `coupons`
--

INSERT INTO `coupons` (`id`, `coupon_code`, `amount`, `amount_type`, `expiry_date`, `status`, `created_at`, `updated_at`) VALUES
(6, 'Coupon001', 10, 'Percentage', '2019-12-06', 1, '2018-12-05 20:19:15', '2018-12-05 20:19:15');

-- --------------------------------------------------------

--
-- Table structure for table `delivery_address`
--

DROP TABLE IF EXISTS `delivery_address`;
CREATE TABLE IF NOT EXISTS `delivery_address` (
  `id` int(10) UNSIGNED NOT NULL AUTO_INCREMENT,
  `users_id` int(11) NOT NULL,
  `users_email` varchar(191) COLLATE utf8mb4_unicode_ci NOT NULL,
  `name` varchar(191) COLLATE utf8mb4_unicode_ci NOT NULL,
  `address` varchar(191) COLLATE utf8mb4_unicode_ci NOT NULL,
  `city` varchar(191) COLLATE utf8mb4_unicode_ci NOT NULL,
  `state` varchar(191) COLLATE utf8mb4_unicode_ci NOT NULL,
  `country` varchar(191) COLLATE utf8mb4_unicode_ci NOT NULL,
  `pincode` varchar(191) COLLATE utf8mb4_unicode_ci NOT NULL,
  `mobile` varchar(191) COLLATE utf8mb4_unicode_ci NOT NULL,
  `created_at` timestamp NULL DEFAULT NULL,
  `updated_at` timestamp NULL DEFAULT NULL,
  PRIMARY KEY (`id`)
) ENGINE=MyISAM AUTO_INCREMENT=4 DEFAULT CHARSET=utf8mb4 COLLATE=utf8mb4_unicode_ci;

--
-- Dumping data for table `delivery_address`
--

INSERT INTO `delivery_address` (`id`, `users_id`, `users_email`, `name`, `address`, `city`, `state`, `country`, `pincode`, `mobile`, `created_at`, `updated_at`) VALUES
(2, 4, 'weshare@gmail.com', 'weshare', 'address', 'city', 'state', 'Cambodia', 'pincode', 'mobile', NULL, NULL),
(3, 1, 'demo@gmail.com', 'WeShare', '123 Street', 'Phnom Penh', 'PP', 'Cambodia', '12252', '010313234', NULL, NULL);

-- --------------------------------------------------------

--
-- Table structure for table `migrations`
--

DROP TABLE IF EXISTS `migrations`;
CREATE TABLE IF NOT EXISTS `migrations` (
  `id` int(10) UNSIGNED NOT NULL AUTO_INCREMENT,
  `migration` varchar(191) COLLATE utf8mb4_unicode_ci NOT NULL,
  `batch` int(11) NOT NULL,
  PRIMARY KEY (`id`)
) ENGINE=MyISAM AUTO_INCREMENT=20 DEFAULT CHARSET=utf8mb4 COLLATE=utf8mb4_unicode_ci;

--
-- Dumping data for table `migrations`
--

INSERT INTO `migrations` (`id`, `migration`, `batch`) VALUES
(3, '2014_10_12_000000_create_users_table', 2),
(2, '2014_10_12_100000_create_password_resets_table', 1),
(8, '2018_10_20_040609_create_categories_table', 3),
(9, '2018_10_24_075802_create_products_table', 4),
(10, '2018_11_08_024109_create_product_att_table', 5),
(11, '2018_11_20_055123_create_tblgallery_table', 6),
(12, '2018_11_26_070031_create_cart_table', 7),
(13, '2018_11_28_072535_create_coupons_table', 8),
(15, '2018_12_01_042342_create_countries_table', 10),
(19, '2018_12_03_043804_add_more_fields_to_users_table', 14),
(17, '2018_12_03_093548_create_delivery_address_table', 12),
(18, '2018_12_05_024718_create_orders_table', 13);

-- --------------------------------------------------------

--
-- Table structure for table `orders`
--

DROP TABLE IF EXISTS `orders`;
CREATE TABLE IF NOT EXISTS `orders` (
  `id` int(10) UNSIGNED NOT NULL AUTO_INCREMENT,
  `users_id` int(11) NOT NULL,
  `users_email` varchar(100) COLLATE utf8mb4_unicode_ci NOT NULL,
  `name` varchar(100) COLLATE utf8mb4_unicode_ci NOT NULL,
  `address` varchar(191) COLLATE utf8mb4_unicode_ci NOT NULL,
  `city` varchar(100) COLLATE utf8mb4_unicode_ci NOT NULL,
  `state` varchar(100) COLLATE utf8mb4_unicode_ci NOT NULL,
  `pincode` varchar(100) COLLATE utf8mb4_unicode_ci NOT NULL,
  `country` varchar(100) COLLATE utf8mb4_unicode_ci NOT NULL,
  `mobile` varchar(100) COLLATE utf8mb4_unicode_ci NOT NULL,
  `shipping_charges` double(8,2) NOT NULL,
  `coupon_code` varchar(100) COLLATE utf8mb4_unicode_ci NOT NULL,
  `coupon_amount` varchar(100) COLLATE utf8mb4_unicode_ci NOT NULL,
  `order_status` varchar(100) COLLATE utf8mb4_unicode_ci NOT NULL,
  `payment_method` varchar(100) COLLATE utf8mb4_unicode_ci NOT NULL,
  `grand_total` varchar(100) COLLATE utf8mb4_unicode_ci NOT NULL,
  `created_at` timestamp NULL DEFAULT NULL,
  `updated_at` timestamp NULL DEFAULT NULL,
  PRIMARY KEY (`id`)
) ENGINE=MyISAM AUTO_INCREMENT=8 DEFAULT CHARSET=utf8mb4 COLLATE=utf8mb4_unicode_ci;

--
-- Dumping data for table `orders`
--

INSERT INTO `orders` (`id`, `users_id`, `users_email`, `name`, `address`, `city`, `state`, `pincode`, `country`, `mobile`, `shipping_charges`, `coupon_code`, `coupon_amount`, `order_status`, `payment_method`, `grand_total`, `created_at`, `updated_at`) VALUES
(7, 1, 'demo@gmail.com', 'WeShare', '123 Street', 'Phnom Penh', 'PP', '12252', 'Cambodia', '010313234', 0.00, 'NO Coupon', '0', 'success', 'Paypal', '70', '2018-12-06 18:20:18', '2018-12-06 18:20:18'),
(6, 4, 'weshare@gmail.com', 'weshare', 'address', 'city', 'state', 'pincode', 'Cambodia', 'mobile', 0.00, 'Coupon001', '2', 'success', 'Paypal', '18', '2018-12-06 01:45:09', '2018-12-06 01:45:09');

-- --------------------------------------------------------

--
-- Table structure for table `password_resets`
--

DROP TABLE IF EXISTS `password_resets`;
CREATE TABLE IF NOT EXISTS `password_resets` (
  `email` varchar(191) COLLATE utf8mb4_unicode_ci NOT NULL,
  `token` varchar(191) COLLATE utf8mb4_unicode_ci NOT NULL,
  `created_at` timestamp NULL DEFAULT NULL,
  KEY `password_resets_email_index` (`email`)
) ENGINE=MyISAM DEFAULT CHARSET=utf8mb4 COLLATE=utf8mb4_unicode_ci;

-- --------------------------------------------------------

--
-- Table structure for table `products`
--

DROP TABLE IF EXISTS `products`;
CREATE TABLE IF NOT EXISTS `products` (
  `id` int(10) UNSIGNED NOT NULL AUTO_INCREMENT,
  `categories_id` int(11) NOT NULL,
  `p_name` varchar(191) COLLATE utf8mb4_unicode_ci NOT NULL,
  `p_code` varchar(191) COLLATE utf8mb4_unicode_ci NOT NULL,
  `p_color` varchar(191) COLLATE utf8mb4_unicode_ci NOT NULL,
  `description` text COLLATE utf8mb4_unicode_ci NOT NULL,
  `image` varchar(191) COLLATE utf8mb4_unicode_ci NOT NULL,
  `created_at` timestamp NULL DEFAULT NULL,
  `updated_at` timestamp NULL DEFAULT NULL,
  PRIMARY KEY (`id`)
) ENGINE=MyISAM AUTO_INCREMENT=36 DEFAULT CHARSET=utf8mb4 COLLATE=utf8mb4_unicode_ci;

--
-- Dumping data for table `products`
--

INSERT INTO `products` (`id`, `categories_id`, `p_name`, `p_code`, `p_color`, `description`, `image`, `created_at`, `updated_at`) VALUES
(28, 15, 'Lexus Rx 330', '12152', 'White', 'EXCELLENT SAFETY FOR YOUR FAMILY<br>Child Safety Locks, Electronic Stability Control, Brake Assist, 4-Wheel ABS, Tire Pressure Monitoring System, 4-Wheel Disc Brakes Safety equipment includes Child Safety Locks', 15.00, '1544063712-lexus-rx-330.jpg', '2018-12-05 19:35:12', '2018-12-05 19:43:48'),
(27, 15, '2019 New Toyota Highlander XLE V6', 'XLE V6 FWD', 'White', 'Sunroof, Heated Leather Seats, NAV, 3rd Row Seat, Alloy Wheels, Quad Seats, Rear Air, Power Liftgate. XLE trim. Warranty 5 yrs/60k Miles - Drivetrain Warranty; AND MORE!', 20.00, '1544063425-2019-new-toyota-highlander-xle-v6.jpg', '2018-12-05 19:30:25', '2018-12-05 19:43:57'),
(29, 12, '2018 Toyota Prius', '1252', 'Red', 'VEHICLE FEATURES<br>Rear Spoiler, MP3 Player, Remote Trunk Release, Keyless Entry, Privacy Glass.&nbsp;', 5.00, '1544063924-2018-toyota-prius.jpg', '2018-12-05 19:38:44', '2018-12-05 19:43:38'),
(30, 16, 'Link House New LC2', 'L_1252', 'Gray', 'Borey Peng Huoth Cambodia', 10.00, '1544064142-link-house-new-lc2.jpg', '2018-12-05 19:42:22', '2018-12-05 19:42:22'),
(31, 10, 'House', '5214', 'White and Brown', 'House For Sale', 10.00, '1544064430-house.jpg', '2018-12-05 19:47:10', '2018-12-05 19:47:10'),
(32, 11, 'Vionic Shoes Brand', '5265', 'All Colors', 'Women Shoes', 12.00, '1544064607-vionic-shoes-brand.jpg', '2018-12-05 19:50:07', '2018-12-05 19:50:07'),
(33, 17, 'Cole Haan', 'KHR 775659.29', 'Brown', 'Men\'s Original Grand Wingtip Oxfords', 5.00, '1544064903-cole-haan.jpg', '2018-12-05 19:55:03', '2018-12-05 19:55:03'),
(34, 13, 'Lenovo ThinkPad', '1252', 'Black', 'Lenovo Thinkpad From China', 2.00, '1544065331-lenovo-thinkpad.jpg', '2018-12-05 20:02:12', '2018-12-05 20:02:12'),
(35, 14, 'Cloths', 'The Man', 'Black', 'Cloths Description here', 2.00, '1544065493-cloths.png', '2018-12-05 20:04:54', '2018-12-05 20:04:54');

-- --------------------------------------------------------

--
-- Table structure for table `product_att`
--

DROP TABLE IF EXISTS `product_att`;
CREATE TABLE IF NOT EXISTS `product_att` (
  `id` int(10) UNSIGNED NOT NULL AUTO_INCREMENT,
  `products_id` int(11) NOT NULL,
  `sku` varchar(191) COLLATE utf8mb4_unicode_ci NOT NULL,
  `size` varchar(191) COLLATE utf8mb4_unicode_ci NOT NULL,
  `stock` int(11) NOT NULL,
  `created_at` timestamp NULL DEFAULT NULL,
  `updated_at` timestamp NULL DEFAULT NULL,
  PRIMARY KEY (`id`)
) ENGINE=MyISAM AUTO_INCREMENT=35 DEFAULT CHARSET=utf8mb4 COLLATE=utf8mb4_unicode_ci;

--
-- Dumping data for table `product_att`
--

INSERT INTO `product_att` (`id`, `products_id`, `sku`, `size`, `stock`, `created_at`, `updated_at`) VALUES
(14, 34, 'SKU-Lenovo X1', '15 inch', 10.00, 2, '2018-12-05 20:08:43', '2018-12-05 20:08:43'),
(13, 35, 'SKU-Red', 'S', 2.00, 5, '2018-12-05 20:08:08', '2018-12-05 20:08:08'),
(12, 35, 'SKU-White', 'L', 6.00, 2, '2018-12-05 20:07:42', '2018-12-05 20:07:42'),
(11, 35, 'SKU-Black', 'M', 5.00, 10, '2018-12-05 20:07:11', '2018-12-05 20:07:11'),
(15, 34, 'SKU-Carbon', '14 inch', 4.00, 5, '2018-12-05 20:09:05', '2018-12-05 20:09:05'),
(16, 33, 'SKU-Haan1', '25', 12.00, 3, '2018-12-05 20:09:45', '2018-12-05 20:09:45'),
(17, 33, 'SKU-Haan2', '22', 10.00, 1, '2018-12-05 20:09:58', '2018-12-05 20:09:58'),
(18, 33, 'SKU-Haan3', '19', 2.00, 3, '2018-12-05 20:10:16', '2018-12-05 20:10:16'),
(19, 32, 'SKU-Vionic1', '20', 10.00, 5, '2018-12-05 20:11:02', '2018-12-05 20:11:02'),
(20, 32, 'SKU-Vionic2', '20', 15.00, 4, '2018-12-05 20:11:24', '2018-12-05 20:11:24'),
(21, 32, 'SKU-Vionic3', '30', 20.00, 1, '2018-12-05 20:11:38', '2018-12-05 20:11:38'),
(22, 31, 'SKU-House1', '5*20', 25.00, 4, '2018-12-05 20:12:13', '2018-12-05 20:12:13'),
(23, 31, 'SKU-House2', '10*10', 20.00, 2, '2018-12-05 20:12:30', '2018-12-05 20:12:30'),
(24, 31, 'SKU-House3', '20*20', 20.00, 5, '2018-12-05 20:12:46', '2018-12-05 20:12:46'),
(25, 30, 'SKU-Link House1', 'Small', 10.00, 5, '2018-12-05 20:13:06', '2018-12-05 20:13:06'),
(26, 30, 'SKU-House2', 'Medium', 15.00, 23, '2018-12-05 20:13:23', '2018-12-05 20:13:23'),
(27, 30, 'SKU-House3', 'Large', 5.00, 2, '2018-12-05 20:14:55', '2018-12-05 20:14:55'),
(28, 29, 'SKU-Prius1', 'One Size', 12.00, 2, '2018-12-05 20:15:43', '2018-12-05 20:15:43'),
(29, 28, 'SKU-Lexus Red', 'Size Red', 12.00, 12, '2018-12-05 20:16:28', '2018-12-05 20:16:28'),
(30, 28, 'SKU-Lexus2', 'Size Black', 11.00, 22, '2018-12-05 20:16:48', '2018-12-05 20:16:48'),
(31, 28, 'SKU-Lexus3', 'Size White', 12.00, 2, '2018-12-05 20:17:02', '2018-12-05 20:17:02'),
(32, 27, 'SKU-Hilander', 'Size Black', 50.00, 10, '2018-12-05 20:17:35', '2018-12-05 20:17:35'),
(33, 27, 'SKU-Hilander1', 'Size White', 20.00, 10, '2018-12-05 20:17:46', '2018-12-05 20:17:46'),
(34, 27, 'SKU-Hilande3', 'Size Red', 20.00, 10, '2018-12-05 20:18:01', '2018-12-05 20:18:01');

-- --------------------------------------------------------

--
-- Table structure for table `tblgallery`
--

DROP TABLE IF EXISTS `tblgallery`;
CREATE TABLE IF NOT EXISTS `tblgallery` (
  `id` int(10) UNSIGNED NOT NULL AUTO_INCREMENT,
  `products_id` int(11) NOT NULL,
  `image` varchar(191) COLLATE utf8mb4_unicode_ci NOT NULL,
  `created_at` timestamp NULL DEFAULT NULL,
  `updated_at` timestamp NULL DEFAULT NULL,
  PRIMARY KEY (`id`)
) ENGINE=MyISAM AUTO_INCREMENT=35 DEFAULT CHARSET=utf8mb4 COLLATE=utf8mb4_unicode_ci;

--
-- Dumping data for table `tblgallery`
--

INSERT INTO `tblgallery` (`id`, `products_id`, `image`, `created_at`, `updated_at`) VALUES
(8, 27, '7664271544063472.jpg', '2018-12-05 19:31:12', '2018-12-05 19:31:12'),
(9, 27, '6768551544063472.jpg', '2018-12-05 19:31:13', '2018-12-05 19:31:13'),
(10, 27, '4131281544063473.jpg', '2018-12-05 19:31:13', '2018-12-05 19:31:13'),
(11, 28, '6720891544063734.jpg', '2018-12-05 19:35:34', '2018-12-05 19:35:34'),
(12, 28, '4686631544063734.jpg', '2018-12-05 19:35:34', '2018-12-05 19:35:34'),
(13, 28, '5960611544063759.jpeg', '2018-12-05 19:35:59', '2018-12-05 19:35:59'),
(14, 29, '5146071544063935.JPG', '2018-12-05 19:38:55', '2018-12-05 19:38:55'),
(15, 29, '762811544063935.jpg', '2018-12-05 19:38:55', '2018-12-05 19:38:55'),
(16, 29, '3716041544063935.jpg', '2018-12-05 19:38:56', '2018-12-05 19:38:56'),
(17, 30, '6832831544064156.jpg', '2018-12-05 19:42:37', '2018-12-05 19:42:37'),
(18, 30, '1655391544064157.jpg', '2018-12-05 19:42:37', '2018-12-05 19:42:37'),
(19, 30, '4693601544064157.jpg', '2018-12-05 19:42:37', '2018-12-05 19:42:37'),
(20, 31, '9233341544064441.jpg', '2018-12-05 19:47:21', '2018-12-05 19:47:21'),
(21, 31, '8167501544064441.jpg', '2018-12-05 19:47:22', '2018-12-05 19:47:22'),
(22, 31, '3887071544064442.jpg', '2018-12-05 19:47:22', '2018-12-05 19:47:22'),
(23, 32, '3998691544064618.jpg', '2018-12-05 19:50:18', '2018-12-05 19:50:18'),
(24, 32, '1159141544064618.jpg', '2018-12-05 19:50:18', '2018-12-05 19:50:18'),
(25, 32, '2035101544064618.jpg', '2018-12-05 19:50:18', '2018-12-05 19:50:18'),
(26, 33, '2128501544064917.jpg', '2018-12-05 19:55:17', '2018-12-05 19:55:17'),
(27, 33, '5649911544064917.jpg', '2018-12-05 19:55:17', '2018-12-05 19:55:17'),
(28, 33, '3704141544064917.jpg', '2018-12-05 19:55:17', '2018-12-05 19:55:17'),
(29, 34, '3899431544065346.JPG', '2018-12-05 20:02:26', '2018-12-05 20:02:26'),
(30, 34, '119131544065346.jpg', '2018-12-05 20:02:27', '2018-12-05 20:02:27'),
(31, 34, '6905491544065347.jpg', '2018-12-05 20:02:27', '2018-12-05 20:02:27'),
(32, 35, '981591544065510.jpeg', '2018-12-05 20:05:10', '2018-12-05 20:05:10'),
(33, 35, '5320811544065510.jpg', '2018-12-05 20:05:11', '2018-12-05 20:05:11'),
(34, 35, '1153181544065511.jpg', '2018-12-05 20:05:11', '2018-12-05 20:05:11');

-- --------------------------------------------------------

--
-- Table structure for table `users`
--

DROP TABLE IF EXISTS `users`;
CREATE TABLE IF NOT EXISTS `users` (
  `id` int(10) UNSIGNED NOT NULL AUTO_INCREMENT,
  `name` varchar(191) COLLATE utf8mb4_unicode_ci NOT NULL,
  `email` varchar(191) COLLATE utf8mb4_unicode_ci NOT NULL,
  `email_verified_at` timestamp NULL DEFAULT NULL,
  `password` varchar(191) COLLATE utf8mb4_unicode_ci NOT NULL,
  `admin` tinyint(4) DEFAULT NULL,
  `remember_token` varchar(100) COLLATE utf8mb4_unicode_ci DEFAULT NULL,
  `created_at` timestamp NULL DEFAULT NULL,
  `updated_at` timestamp NULL DEFAULT NULL,
  `address` text COLLATE utf8mb4_unicode_ci,
  `city` varchar(191) COLLATE utf8mb4_unicode_ci DEFAULT NULL,
  `state` varchar(191) COLLATE utf8mb4_unicode_ci DEFAULT NULL,
  `country` varchar(191) COLLATE utf8mb4_unicode_ci DEFAULT NULL,
  `pincode` varchar(191) COLLATE utf8mb4_unicode_ci DEFAULT NULL,
  `mobile` varchar(191) COLLATE utf8mb4_unicode_ci DEFAULT NULL,
  PRIMARY KEY (`id`),
  UNIQUE KEY `users_email_unique` (`email`)
) ENGINE=MyISAM AUTO_INCREMENT=5 DEFAULT CHARSET=utf8mb4 COLLATE=utf8mb4_unicode_ci;

--
-- Dumping data for table `users`
--

INSERT INTO `users` (`id`, `name`, `email`, `email_verified_at`, `password`, `admin`, `remember_token`, `created_at`, `updated_at`, `address`, `city`, `state`, `country`, `pincode`, `mobile`) VALUES
(1, 'WeShare', 'demo@gmail.com', NULL, '$2y$10$m9fNpTgwyBVqqVfsJ9bXUensvx5iqlYhzqmL3khhSpKpgqNQnW0t2', 1, 'eXRJYaZCo6qXgGfTHiOFvShGWta2eLgaIhcBVfa9ppQnN5SFFH7yo516DQs1', '2018-10-15 02:32:54', '2018-12-05 01:39:52', '123 Street', 'Phnom Penh', 'PP', 'Cambodia', '12252', '010313234'),
(4, 'weshare', 'weshare@gmail.com', NULL, '$2y$10$3Ccxg17LYw/.qS7ib5Xcr.T5po6AXUsnjEcEI4IHcQ0MGkcuRfO.O', NULL, 'za7FtmzYvfzBYmkQtE5tfvStl7dY3Z6uZKSpuRtBRIvlbXzM0csZEQYzjuEb', '2018-12-06 01:40:27', '2018-12-06 01:40:27', NULL, NULL, NULL, NULL, NULL, NULL);
COMMIT;

/*!40101 SET CHARACTER_SET_CLIENT=@OLD_CHARACTER_SET_CLIENT */;
/*!40101 SET CHARACTER_SET_RESULTS=@OLD_CHARACTER_SET_RESULTS */;
/*!40101 SET COLLATION_CONNECTION=@OLD_COLLATION_CONNECTION */;
